seconds,oracle publisher,capi publisher,rust publisher,rust consumer
0,6424,4320,3828,3024
30,6424,4320,3920,3116
60,6424,4320,3948,3144
90,6424,4320,3948,3144
120,6424,4320,3948,3144
150,6424,4320,3948,3144
180,6424,4320,3948,3144
210,6424,4320,3948,3144
240,6424,4320,3948,3144
270,6424,4320,3948,3144
300,6424,4320,3948,3144
330,6424,4320,3948,3144
360,6424,4320,3948,3144
390,6424,4320,3948,3144
420,6424,4320,3948,3144
450,6424,4320,3948,3144
480,6424,4320,3948,3144
510,6424,4320,3948,3144
540,6424,4320,3948,3144
570,6424,4320,3948,3144
600,6424,4320,3948,3144
630,6424,4320,3948,3144
660,6424,4320,3948,3144
690,6424,4320,3948,3144
720,6424,4320,3948,3144
750,6424,4320,3948,3144
780,6424,4320,3948,3144
810,6424,4320,3948,3144
840,6424,4320,3948,3144
870,6424,4320,3948,3144
900,6424,4320,3948,3144
930,6424,4320,3948,3144
